game,checkpoint,revision,subject,reached_level,completed_levels,levels_spanned,final_worktree,win_log_line,post_win_python_files,exact_winning_source,exact_adjacent_transition,profile,files,retained_top_level_definitions,retained_core_top_level_definitions,raw_bytes,zlib_bytes,python_tokens,ast_zlib_bytes,delta_raw_bytes,delta_zlib,delta_python_tokens,delta_ast_zlib,positive_delta_zlib,contraction_zlib,contraction_ast_zlib
ar25,0,f364a46292655962f575219d2fb71c57b9cad9ad,level_2 23 1,2,1,1,False,129,world_model_state_io.py,False,False,core,3,0,0,11085,3119,2511,4568,11085,3119,2511,4568,3119,0,0
ar25,0,f364a46292655962f575219d2fb71c57b9cad9ad,level_2 23 1,2,1,1,False,129,world_model_state_io.py,False,False,authored,3,0,0,11085,3119,2511,4568,11085,3119,2511,4568,3119,0,0
ar25,1,29da3a2699548cbfb489c7537b64b85847bf6422,level_3 64 2,3,2,1,False,374,,True,False,core,3,8,8,18077,4579,4132,6870,6992,1460,1621,2302,1460,0,0
ar25,1,29da3a2699548cbfb489c7537b64b85847bf6422,level_3 64 2,3,2,1,False,374,,True,False,authored,3,8,8,18077,4579,4132,6870,6992,1460,1621,2302,1460,0,0
ar25,2,92116a204693dbc69d98ca8bd4639e8caba9d965,level_5 138 3,5,4,2,False,1110,,True,False,core,3,10,10,40019,7726,9001,12717,21942,3147,4869,5847,3147,0,0
ar25,2,92116a204693dbc69d98ca8bd4639e8caba9d965,level_5 138 3,5,4,2,False,1110,,True,False,authored,4,10,10,41829,7986,9334,13314,23752,3407,5202,6444,3407,0,0
ar25,3,d608c7536ec078d3c4d89ba161d232aa073a8e7e,level_6 167 4,6,5,1,False,1728,,True,True,core,3,20,20,28601,6597,6512,10409,-11418,-1129,-2489,-2308,0,1129,2308
ar25,3,d608c7536ec078d3c4d89ba161d232aa073a8e7e,level_6 167 4,6,5,1,False,1728,,True,True,authored,5,23,20,32186,6961,7157,11342,-9643,-1025,-2177,-1972,0,1025,1972
ar25,4,c4f72beb2ab14efa5189140a14d07c723c536c45,level_7 242 5,7,6,1,False,2395,world_model_engine.py;world_model_state_io.py,False,False,core,3,31,31,29787,6757,6657,10736,1186,160,145,327,160,0,0
ar25,4,c4f72beb2ab14efa5189140a14d07c723c536c45,level_7 242 5,7,6,1,False,2395,world_model_engine.py;world_model_state_io.py,False,False,authored,6,34,31,35043,7497,7578,12314,2857,536,421,972,536,0,0
ar25,5,0739a19ed1795edc491e2ef349b3ad14fc1c2793,level_8 288 6,8,7,1,False,2816,world_model_state_io.py,False,False,core,3,37,37,25047,6005,5799,9614,-4740,-752,-858,-1122,0,752,1122
ar25,5,0739a19ed1795edc491e2ef349b3ad14fc1c2793,level_8 288 6,8,7,1,False,2816,world_model_state_io.py,False,False,authored,7,41,37,27706,6356,6237,10320,-7337,-1141,-1341,-1994,0,1141,1994
ar25,6,WORKTREE,scorecard-confirmed final solve,,8,1,True,3182,,True,False,core,3,36,36,32633,7383,7316,12068,7586,1378,1517,2454,1378,0,0
ar25,6,WORKTREE,scorecard-confirmed final solve,,8,1,True,3182,,True,False,authored,7,42,36,35292,7754,7754,12773,7586,1398,1517,2453,1398,0,0
bp35,0,fa2a3ff111f35c3ad7aa4c889a8eb0774e39f257,level_2 20 1,2,1,1,False,207,world_model_engine.py;world_model_main_planner.py;world_model_state_io.py,False,False,core,3,0,0,13241,3530,2845,5156,13241,3530,2845,5156,3530,0,0
bp35,0,fa2a3ff111f35c3ad7aa4c889a8eb0774e39f257,level_2 20 1,2,1,1,False,207,world_model_engine.py;world_model_main_planner.py;world_model_state_io.py,False,False,authored,3,0,0,13241,3530,2845,5156,13241,3530,2845,5156,3530,0,0
bp35,1,6c543e8abdc5a3298ac12672530fff98755c2ea5,level_3 67 3,3,2,1,False,935,world_model_main_planner.py,False,False,core,3,12,12,17153,4288,3590,6291,3912,758,745,1135,758,0,0
bp35,1,6c543e8abdc5a3298ac12672530fff98755c2ea5,level_3 67 3,3,2,1,False,935,world_model_main_planner.py,False,False,authored,5,12,12,23365,5342,4949,7937,10124,1812,2104,2781,1812,0,0
bp35,2,773f15bb4cebf7d0d0c3beba752c01d32c3fbd5f,level_4 111 5,4,3,1,False,2208,world_model_main_planner.py,False,False,core,3,9,9,18742,4867,4033,7157,1589,579,443,866,579,0,0
bp35,2,773f15bb4cebf7d0d0c3beba752c01d32c3fbd5f,level_4 111 5,4,3,1,False,2208,world_model_main_planner.py,False,False,authored,11,9,9,27312,6288,5767,9515,3947,946,818,1578,946,0,0
bp35,3,eecebfa2a5db12fe3716dd3be5fe49ccaed30fba,level_5 147 7,5,4,1,False,3200,world_model_main_planner.py,False,False,core,3,12,12,22871,6006,4824,9078,4129,1139,791,1921,1139,0,0
bp35,3,eecebfa2a5db12fe3716dd3be5fe49ccaed30fba,level_5 147 7,5,4,1,False,3200,world_model_main_planner.py,False,False,authored,13,24,12,32845,7511,6838,11532,5533,1223,1071,2017,1223,0,0
bp35,4,9688c70a7c399a6ba7a6fc549f51ad89224b8a0a,level_6 180 8,6,5,1,False,3769,,True,False,core,3,31,31,23328,6077,4926,9191,457,71,102,113,71,0,0
bp35,4,9688c70a7c399a6ba7a6fc549f51ad89224b8a0a,level_6 180 8,6,5,1,False,3769,,True,False,authored,15,46,31,37080,8029,7649,12652,4235,518,811,1120,518,0,0
bp35,5,1376408baec17a26aa5a3bb9ec006827e0819b0e,level_7 222 9,7,6,1,False,4655,,True,True,core,3,30,30,23439,6139,4936,9285,111,62,10,94,62,0,0
bp35,5,1376408baec17a26aa5a3bb9ec006827e0819b0e,level_7 222 9,7,6,1,False,4655,,True,True,authored,16,46,30,39444,8219,8091,13050,2364,190,442,398,190,0,0
cd82,0,f4edf2b60fc656e2005c9c87266bec27800709cf,level_2 93 1,2,1,1,False,379,world_model_engine.py;world_model_main_planner.py;world_model_state_io.py,False,False,core,3,0,0,11044,2793,1886,3549,11044,2793,1886,3549,2793,0,0
cd82,0,f4edf2b60fc656e2005c9c87266bec27800709cf,level_2 93 1,2,1,1,False,379,world_model_engine.py;world_model_main_planner.py;world_model_state_io.py,False,False,authored,3,0,0,11044,2793,1886,3549,11044,2793,1886,3549,2793,0,0
cd82,1,9451d5ab85f811582c531b9ad9d9283432475797,level_3 99 2,3,2,1,False,527,world_model_state_io.py,False,False,core,3,3,3,12159,3637,2587,4907,1115,844,701,1358,844,0,0
cd82,1,9451d5ab85f811582c531b9ad9d9283432475797,level_3 99 2,3,2,1,False,527,world_model_state_io.py,False,False,authored,3,3,3,12159,3637,2587,4907,1115,844,701,1358,844,0,0
cd82,2,5d9a4de42154f4e31335c7c7367765d6502d8835,level_5 139 3,5,4,2,False,1142,,True,False,core,3,8,8,18208,4509,4025,6678,6049,872,1438,1771,872,0,0
cd82,2,5d9a4de42154f4e31335c7c7367765d6502d8835,level_5 139 3,5,4,2,False,1142,,True,False,authored,4,8,8,18584,4606,4095,6816,6425,969,1508,1909,969,0,0
cd82,3,e1403196ca202257e8c6be3cb6fec1328b0d5090,level_6 152 4,6,5,1,False,1487,,True,True,core,3,21,21,21001,5212,4577,7636,2793,703,552,958,703,0,0
cd82,3,e1403196ca202257e8c6be3cb6fec1328b0d5090,level_6 152 4,6,5,1,False,1487,,True,True,authored,4,22,21,21377,5305,4647,7770,2793,699,552,954,699,0,0
cd82,4,WORKTREE,scorecard-confirmed final solve,,6,1,True,1760,,True,True,core,3,23,23,20429,5189,4422,7577,-572,-23,-155,-59,0,23,59
cd82,4,WORKTREE,scorecard-confirmed final solve,,6,1,True,1760,,True,True,authored,4,24,23,20805,5290,4492,7708,-572,-15,-155,-62,0,15,62
cn04,0,b1db7b700ea18175a567b9fd70a0b5cf65151e53,level_2 14 1,2,1,1,False,189,world_model_state_io.py,False,False,core,3,0,0,12509,3408,2716,5012,12509,3408,2716,5012,3408,0,0
cn04,0,b1db7b700ea18175a567b9fd70a0b5cf65151e53,level_2 14 1,2,1,1,False,189,world_model_state_io.py,False,False,authored,3,0,0,12509,3408,2716,5012,12509,3408,2716,5012,3408,0,0
cn04,1,7a28d608d14f253b05b4cd1c809ae7aa41c886e2,level_3 160 3,3,2,1,False,2352,level_2_planner_4.py;world_model_engine.py;world_model_main_planner.py;world_model_state_io.py,False,False,core,3,10,10,37018,6971,7436,10669,24509,3563,4720,5657,3563,0,0
cn04,1,7a28d608d14f253b05b4cd1c809ae7aa41c886e2,level_3 160 3,3,2,1,False,2352,level_2_planner_4.py;world_model_engine.py;world_model_main_planner.py;world_model_state_io.py,False,False,authored,7,10,10,53171,8829,10599,13658,40662,5421,7883,8646,5421,0,0
cn04,2,02d1ecd576ab5ebdd3010dd6ab1c00bdc31fa094,level_4 200 4,4,3,1,False,3242,level_3_planner_1.py;world_model_engine.py;world_model_main_planner.py;world_model_state_io.py,False,False,core,3,36,36,44361,8258,9003,12678,7343,1287,1567,2009,1287,0,0
cn04,2,02d1ecd576ab5ebdd3010dd6ab1c00bdc31fa094,level_4 200 4,4,3,1,False,3242,level_3_planner_1.py;world_model_engine.py;world_model_main_planner.py;world_model_state_io.py,False,False,authored,9,60,36,62480,10255,12536,16099,9309,1426,1937,2441,1426,0,0
cn04,3,a2ab88102436653ed1f0c584c8ee9e00496c74d5,level_5 242 5,5,4,1,False,3881,level_4_planner_1.py;world_model_engine.py;world_model_main_planner.py;world_model_state_io.py,False,False,core,3,38,38,56622,9933,11495,15493,12261,1675,2492,2815,1675,0,0
cn04,3,a2ab88102436653ed1f0c584c8ee9e00496c74d5,level_5 242 5,5,4,1,False,3881,level_4_planner_1.py;world_model_engine.py;world_model_main_planner.py;world_model_state_io.py,False,False,authored,11,64,38,77038,12340,15458,19219,14558,2085,2922,3120,2085,0,0
cn04,4,455bf4b9dffcc06a1128fccb853ca56d5e6ad650,level_6 492 7,6,5,1,False,5645,world_model_engine.py;world_model_main_planner.py,False,False,core,3,46,46,66320,11951,12971,18477,9698,2018,1476,2984,2018,0,0
cn04,4,455bf4b9dffcc06a1128fccb853ca56d5e6ad650,level_6 492 7,6,5,1,False,5645,world_model_engine.py;world_model_main_planner.py,False,False,authored,15,74,46,105457,16710,20361,25782,28419,4370,4903,6563,4370,0,0
cn04,5,WORKTREE,scorecard-confirmed final solve,,6,1,True,6471,level_6_planner_1.py;world_model_engine.py;world_model_main_planner.py;world_model_state_io.py,False,False,core,3,62,62,69604,12670,13555,19188,3284,719,584,711,719,0,0
cn04,5,WORKTREE,scorecard-confirmed final solve,,6,1,True,6471,level_6_planner_1.py;world_model_engine.py;world_model_main_planner.py;world_model_state_io.py,False,False,authored,16,113,62,114044,17655,21932,26868,8587,945,1571,1086,945,0,0
dc22,0,a28177435dfe3b4d477aed9e04ba0962e58de9a6,level_2 41 1,2,1,1,False,313,world_model_engine.py;world_model_main_planner.py;world_model_state_io.py,False,False,core,3,0,0,12275,3277,2631,4927,12275,3277,2631,4927,3277,0,0
dc22,0,a28177435dfe3b4d477aed9e04ba0962e58de9a6,level_2 41 1,2,1,1,False,313,world_model_engine.py;world_model_main_planner.py;world_model_state_io.py,False,False,authored,4,0,0,13338,3403,2825,5323,13338,3403,2825,5323,3403,0,0
dc22,1,fd50380f85be033b90d54bcb59142bc6b2e7fead,level_3 96 2,3,2,1,False,757,level_2_planner_2.py;world_model_engine.py;world_model_main_planner.py,False,False,core,3,6,6,26737,5992,5881,8976,14462,2715,3250,4049,2715,0,0
dc22,1,fd50380f85be033b90d54bcb59142bc6b2e7fead,level_3 96 2,3,2,1,False,757,level_2_planner_2.py;world_model_engine.py;world_model_main_planner.py,False,False,authored,6,7,6,30592,6191,6630,9718,17254,2788,3805,4395,2788,0,0
dc22,2,bcf8239a1bf125c2572ea5533e10cfa129333234,level_4 142 3,4,3,1,False,1590,world_model_state_io.py,False,False,core,3,15,15,42883,8544,9219,12855,16146,2552,3338,3879,2552,0,0
dc22,2,bcf8239a1bf125c2572ea5533e10cfa129333234,level_4 142 3,4,3,1,False,1590,world_model_state_io.py,False,False,authored,8,17,15,48512,8952,10220,13785,17920,2761,3590,4067,2761,0,0
dc22,3,a3195a8a2d7362fea779e488520895715816b28c,level_5 218 4,5,4,1,False,2104,world_model_engine.py;world_model_state_io.py,False,False,core,3,44,44,48274,9806,10136,14761,5391,1262,917,1906,1262,0,0
dc22,3,a3195a8a2d7362fea779e488520895715816b28c,level_5 218 4,5,4,1,False,2104,world_model_engine.py;world_model_state_io.py,False,False,authored,9,47,44,53165,10446,10972,16021,4653,1494,752,2236,1494,0,0
dc22,4,e1c6c48005a6fd0e66c31cbb85b18ea112ee7dd5,level_6 513 6,6,5,1,False,4631,world_model_engine.py;world_model_state_io.py,False,False,core,3,37,37,66058,13421,13935,19977,17784,3615,3799,5216,3615,0,0
dc22,4,e1c6c48005a6fd0e66c31cbb85b18ea112ee7dd5,level_6 513 6,6,5,1,False,4631,world_model_engine.py;world_model_state_io.py,False,False,authored,10,45,37,73173,14379,15212,21709,20008,3933,4240,5688,3933,0,0
ft09,0,4a3ef012a3e7ce0665b5871ace66ec7434d29a2b,level_5 857 1,5,4,4,False,345,world_model_engine.py;world_model_state_io.py,False,False,core,3,0,0,15499,3499,3366,5016,15499,3499,3366,5016,3499,0,0
ft09,0,4a3ef012a3e7ce0665b5871ace66ec7434d29a2b,level_5 857 1,5,4,4,False,345,world_model_engine.py;world_model_state_io.py,False,False,authored,3,0,0,15499,3499,3366,5016,15499,3499,3366,5016,3499,0,0
g50t,0,b4f6916f1786036f0a9705fdbaf74bf93876be86,level_2 70 1,2,1,1,False,567,world_model_state_io.py,False,False,core,3,0,0,18050,3607,3963,5713,18050,3607,3963,5713,3607,0,0
g50t,0,b4f6916f1786036f0a9705fdbaf74bf93876be86,level_2 70 1,2,1,1,False,567,world_model_state_io.py,False,False,authored,5,0,0,25282,5224,5794,8630,25282,5224,5794,8630,5224,0,0
g50t,1,8c0a585a39206ef457459e7d345169750a4a297f,level_3 140 2,3,2,1,False,1062,level_2_planner_1.py;world_model_engine.py;world_model_main_planner.py;world_model_state_io.py,False,False,core,3,8,8,22956,5296,5153,8357,4906,1689,1190,2644,1689,0,0
g50t,1,8c0a585a39206ef457459e7d345169750a4a297f,level_3 140 2,3,2,1,False,1062,level_2_planner_1.py;world_model_engine.py;world_model_main_planner.py;world_model_state_io.py,False,False,authored,6,17,8,32648,6974,7489,11640,7366,1750,1695,3010,1750,0,0
g50t,2,d791f698b9d96e71c62c7241d45aa311d9c21b29,level_4 204 3,4,3,1,False,1880,,True,False,core,3,7,7,23467,5483,5252,8470,511,187,99,113,187,0,0
g50t,2,d791f698b9d96e71c62c7241d45aa311d9c21b29,level_4 204 3,4,3,1,False,1880,,True,False,authored,6,16,7,33923,7339,7772,11658,1275,365,283,18,365,0,0
g50t,3,c26317fc2620b297c1241223594c24a23742a591,level_5 370 5,5,4,1,False,3414,level_4_planner_2.py;world_model_engine.py;world_model_state_io.py,False,False,core,3,13,13,26448,6184,5738,9698,2981,701,486,1228,701,0,0
g50t,3,c26317fc2620b297c1241223594c24a23742a591,level_5 370 5,5,4,1,False,3414,level_4_planner_2.py;world_model_engine.py;world_model_state_io.py,False,False,authored,8,21,13,43531,9255,9356,14470,9608,1916,1584,2812,1916,0,0
g50t,4,db520b33c9257354ec907331294026470f50327b,level_6 443 6,6,5,1,False,4060,world_model_main_planner.py,False,False,core,3,31,31,32268,7078,6700,11058,5820,894,962,1360,894,0,0
g50t,4,db520b33c9257354ec907331294026470f50327b,level_6 443 6,6,5,1,False,4060,world_model_main_planner.py,False,False,authored,11,58,31,59710,11039,12179,17501,16179,1784,2823,3031,1784,0,0
g50t,5,6db5c9d238ef253bc349bbf83579b10e63e61bc1,level_7 572 7,7,6,1,False,5323,level_6_planner_1.py;world_model_state_io.py,False,False,core,3,37,37,41427,8520,8679,13321,9159,1442,1979,2263,1442,0,0
g50t,5,6db5c9d238ef253bc349bbf83579b10e63e61bc1,level_7 572 7,7,6,1,False,5323,level_6_planner_1.py;world_model_state_io.py,False,False,authored,12,70,37,67086,12316,13790,19331,7376,1277,1611,1830,1277,0,0
g50t,6,WORKTREE,scorecard-confirmed final solve,,7,1,True,6175,,True,False,core,3,57,57,44736,9079,9557,14273,3309,559,878,952,559,0,0
g50t,6,WORKTREE,scorecard-confirmed final solve,,7,1,True,6175,,True,False,authored,12,106,57,70573,12921,14705,20305,3487,605,915,974,605,0,0
ka59,0,51c5963c9ec58d6f502c677ee1268de0de608566,level_4 145 1,4,3,3,False,1001,level_3_planner_1.py;world_model_main_planner.py,False,False,core,3,0,0,27963,6393,6046,9189,27963,6393,6046,9189,6393,0,0
ka59,0,51c5963c9ec58d6f502c677ee1268de0de608566,level_4 145 1,4,3,3,False,1001,level_3_planner_1.py;world_model_main_planner.py,False,False,authored,5,0,0,29504,6582,6327,9747,29504,6582,6327,9747,6582,0,0
ka59,1,9f7da5fe8f038955667ac690d06e2da965c66374,level_5 186 2,5,4,1,False,1536,world_model_main_planner.py;world_model_state_io.py,False,False,core,3,24,24,31942,6697,6979,10015,3979,304,933,826,304,0,0
ka59,1,9f7da5fe8f038955667ac690d06e2da965c66374,level_5 186 2,5,4,1,False,1536,world_model_main_planner.py;world_model_state_io.py,False,False,authored,7,27,24,37070,7188,7981,11304,7566,606,1654,1557,606,0,0
ka59,2,3e16bbf82b55fe5f083f1db4b3ffc70a212fc49b,level_6 210 3,6,5,1,False,2335,,True,False,core,3,30,30,44682,8648,9630,13757,12740,1951,2651,3742,1951,0,0
ka59,2,3e16bbf82b55fe5f083f1db4b3ffc70a212fc49b,level_6 210 3,6,5,1,False,2335,,True,False,authored,7,34,30,50097,9199,10687,15076,13027,2011,2706,3772,2011,0,0
ka59,3,06afeaba8c2cef9ec4b4bdb3ac72d0e5c20ec36f,level_7 264 4,7,6,1,False,3031,world_model_main_planner.py,False,False,core,3,64,64,44563,8764,9530,13468,-119,116,-100,-289,116,0,289
ka59,3,06afeaba8c2cef9ec4b4bdb3ac72d0e5c20ec36f,level_7 264 4,7,6,1,False,3031,world_model_main_planner.py,False,False,authored,11,73,64,55618,10071,11787,15945,5521,872,1100,869,872,0,0
ka59,4,WORKTREE,scorecard-confirmed final solve,,7,1,True,3834,world_model_main_planner.py,False,False,core,3,59,59,41381,8512,9107,13238,-3182,-252,-423,-230,0,252,230
ka59,4,WORKTREE,scorecard-confirmed final solve,,7,1,True,3834,world_model_main_planner.py,False,False,authored,13,76,59,57585,10629,12384,16843,1967,558,597,898,558,0,0
lf52,0,e695529a803afc7ee01ce7767926f05f7f91ad4b,level_2 20 1,2,1,1,False,163,world_model_engine.py;world_model_main_planner.py;world_model_state_io.py,False,False,core,3,0,0,9205,2382,2236,3504,9205,2382,2236,3504,2382,0,0
lf52,0,e695529a803afc7ee01ce7767926f05f7f91ad4b,level_2 20 1,2,1,1,False,163,world_model_engine.py;world_model_main_planner.py;world_model_state_io.py,False,False,authored,3,0,0,9205,2382,2236,3504,9205,2382,2236,3504,2382,0,0
lf52,1,29f888c7d7a83114b93fd20d2e82e774fdd90c42,level_3 372 2,3,2,1,False,976,world_model_engine.py;world_model_main_planner.py;world_model_state_io.py,False,False,core,3,4,4,27143,5346,6553,8402,17938,2964,4317,4898,2964,0,0
lf52,1,29f888c7d7a83114b93fd20d2e82e774fdd90c42,level_3 372 2,3,2,1,False,976,world_model_engine.py;world_model_main_planner.py;world_model_state_io.py,False,False,authored,4,4,4,30942,6061,7443,9570,21737,3679,5207,6066,3679,0,0
lf52,2,aeff151517ebd1ccb4de6dc2b83a99fe35278b6f,level_4 418 3,4,3,1,False,2187,level_3_planner_1.py;world_model_main_planner.py,False,False,core,3,5,5,32378,6559,7470,10313,5235,1213,917,1911,1213,0,0
lf52,2,aeff151517ebd1ccb4de6dc2b83a99fe35278b6f,level_4 418 3,4,3,1,False,2187,level_3_planner_1.py;world_model_main_planner.py,False,False,authored,6,5,5,33939,6960,7801,10933,2997,899,358,1363,899,0,0
lf52,3,6ae1e243430015977debd96e87efaa00925fcc21,level_5 486 4,5,4,1,False,3256,world_model_engine.py;world_model_state_io.py,False,False,core,3,16,16,36078,7223,8204,11419,3700,664,734,1106,664,0,0
lf52,3,6ae1e243430015977debd96e87efaa00925fcc21,level_5 486 4,5,4,1,False,3256,world_model_engine.py;world_model_state_io.py,False,False,authored,7,16,16,39489,7648,8875,12504,5550,688,1074,1571,688,0,0
lf52,4,b8b62235e548b3b1691f8252469b40770f368694,level_6 655 5,6,5,1,False,4479,level_5_planner_1.py;world_model_engine.py;world_model_level_data.py,False,False,core,3,28,28,40995,8143,9153,12654,4917,920,949,1235,920,0,0
lf52,4,b8b62235e548b3b1691f8252469b40770f368694,level_6 655 5,6,5,1,False,4479,level_5_planner_1.py;world_model_engine.py;world_model_level_data.py,False,False,authored,8,33,28,47757,8744,10489,14111,8268,1096,1614,1607,1096,0,0
lf52,5,72d9d4c444ab95abe2b2aee05e54e3aa082b7908,level_7 804 6,7,6,1,False,6498,level_7_planner_1.py;level_7_planner_2.py;level_7_planner_3.py;world_model_engine.py;world_model_state_io.py,False,False,core,3,34,34,49328,9753,10664,14943,8333,1610,1511,2289,1610,0,0
lf52,5,72d9d4c444ab95abe2b2aee05e54e3aa082b7908,level_7 804 6,7,6,1,False,6498,level_7_planner_1.py;level_7_planner_2.py;level_7_planner_3.py;world_model_engine.py;world_model_state_io.py,False,False,authored,19,34,34,60750,11382,12854,17077,12993,2638,2365,2966,2638,0,0
lf52,6,5f059fb883c550b081733919e9c8e74871a88e61,level_8 956 7,8,7,1,False,6862,,True,False,core,3,62,62,48685,9722,10465,15010,-643,-31,-199,67,0,31,0
lf52,6,5f059fb883c550b081733919e9c8e74871a88e61,level_8 956 7,8,7,1,False,6862,,True,False,authored,22,80,62,61923,11511,12994,17348,1173,129,140,271,129,0,0
lf52,7,936c6fd7b881d5fa3d952965a1235afbfcc9964b,level_9 1024 8,9,8,1,False,7993,level_8_planner_4.py;world_model_main_planner.py;world_model_state_io.py,False,False,core,3,52,52,56723,11248,11807,17064,8038,1526,1342,2054,1526,0,0
lf52,7,936c6fd7b881d5fa3d952965a1235afbfcc9964b,level_9 1024 8,9,8,1,False,7993,level_8_planner_4.py;world_model_main_planner.py;world_model_state_io.py,False,False,authored,26,65,52,74760,13682,15326,20347,12837,2171,2332,2999,2171,0,0
lf52,8,05661ec95e5313cc0d94e46d28fe68cef2190cd0,level_10 1156 9,10,9,1,False,8720,,True,False,core,3,61,61,56543,11360,11746,17258,-180,112,-61,194,112,0,0
lf52,8,05661ec95e5313cc0d94e46d28fe68cef2190cd0,level_10 1156 9,10,9,1,False,8720,,True,False,authored,27,75,61,75328,13846,15372,20607,568,164,46,260,164,0,0
lf52,9,WORKTREE,scorecard-confirmed final solve,,10,1,True,11420,level_10_planner_2.py,False,False,core,3,65,65,56455,11478,11733,17461,-88,118,-13,203,118,0,0
lf52,9,WORKTREE,scorecard-confirmed final solve,,10,1,True,11420,level_10_planner_2.py,False,False,authored,29,93,65,78001,14668,15844,21641,2673,822,472,1034,822,0,0
lp85,0,1277d18f682382799d30a63bbc92f8b13ea33507,level_2 5 1,2,1,1,False,123,,True,False,core,3,0,0,10451,3133,2215,4518,10451,3133,2215,4518,3133,0,0
lp85,0,1277d18f682382799d30a63bbc92f8b13ea33507,level_2 5 1,2,1,1,False,123,,True,False,authored,3,0,0,10451,3133,2215,4518,10451,3133,2215,4518,3133,0,0
lp85,1,7442e0931a418e8eef9515bcbcaefe95ce9cac74,level_3 14 2,3,2,1,False,418,world_model_state_io.py,False,False,core,3,1,1,17265,4706,4010,7314,6814,1573,1795,2796,1573,0,0
lp85,1,7442e0931a418e8eef9515bcbcaefe95ce9cac74,level_3 14 2,3,2,1,False,418,world_model_state_io.py,False,False,authored,4,1,1,18388,4983,4234,7631,7937,1850,2019,3113,1850,0,0
lp85,2,cfc6a90c3c25439cafb53030674936bd9eda34a7,level_4 31 3,4,3,1,False,734,world_model_state_io.py,False,False,core,3,15,15,17025,4715,3968,7154,-240,9,-42,-160,9,0,160
lp85,2,cfc6a90c3c25439cafb53030674936bd9eda34a7,level_4 31 3,4,3,1,False,734,world_model_state_io.py,False,False,authored,5,17,15,18813,5069,4355,7576,425,86,121,-55,86,0,55
lp85,3,5ae3f8a3cc9d209334bbf34924b98907ff94c6c1,level_5 46 4,5,4,1,False,1243,world_model_state_io.py,False,False,core,3,12,12,16778,4651,4048,7033,-247,-64,80,-121,0,64,121
lp85,3,5ae3f8a3cc9d209334bbf34924b98907ff94c6c1,level_5 46 4,5,4,1,False,1243,world_model_state_io.py,False,False,authored,5,15,12,18558,5016,4435,7451,-255,-53,80,-125,0,53,125
lp85,4,c2110f58662a9c3e1245e7311bf5631d74c3ffa8,level_6 62 5,6,5,1,False,1677,,True,False,core,3,13,13,17577,4865,4292,7436,799,214,244,403,214,0,0
lp85,4,c2110f58662a9c3e1245e7311bf5631d74c3ffa8,level_6 62 5,6,5,1,False,1677,,True,False,authored,5,17,13,19357,5224,4679,7854,799,208,244,403,208,0,0
lp85,5,71048462df7ea5e226b51deecea92012ee016d92,level_7 86 6,7,6,1,False,2178,,True,True,core,3,23,23,21030,5520,5786,8374,3453,655,1494,938,655,0,0
lp85,5,71048462df7ea5e226b51deecea92012ee016d92,level_7 86 6,7,6,1,False,2178,,True,True,authored,5,27,23,22810,5876,6173,8800,3453,652,1494,946,652,0,0
lp85,6,9f68d3c3bb5c9767b5d397292f660b0501bb61c6,level_8 94 7,8,7,1,False,2594,,True,True,core,3,18,18,19718,5307,5080,8036,-1312,-213,-706,-338,0,213,338
lp85,6,9f68d3c3bb5c9767b5d397292f660b0501bb61c6,level_8 94 7,8,7,1,False,2594,,True,True,authored,5,22,18,21498,5655,5467,8462,-1312,-221,-706,-338,0,221,338
lp85,7,WORKTREE,scorecard-confirmed final solve,,8,1,True,2943,,True,True,core,3,20,20,21047,5517,5438,8303,1329,210,358,267,210,0,0
lp85,7,WORKTREE,scorecard-confirmed final solve,,8,1,True,2943,,True,True,authored,5,24,20,22827,5868,5825,8725,1329,213,358,263,213,0,0
ls20,0,1ebb95e413ed249345fe35c4a6aa0dd55fc1dde4,level_2 22 1,2,1,1,False,191,world_model_engine.py;world_model_main_planner.py;world_model_state_io.py,False,False,core,3,0,0,9650,2817,2000,4180,9650,2817,2000,4180,2817,0,0
ls20,0,1ebb95e413ed249345fe35c4a6aa0dd55fc1dde4,level_2 22 1,2,1,1,False,191,world_model_engine.py;world_model_main_planner.py;world_model_state_io.py,False,False,authored,4,0,0,10821,3009,2206,4416,10821,3009,2206,4416,3009,0,0
ls20,1,8087e793f2de8f405decc32f0517de9ab7a29216,level_3 243 3,3,2,1,False,1193,,True,False,core,3,2,2,13620,3804,2985,5643,3970,987,985,1463,987,0,0
ls20,1,8087e793f2de8f405decc32f0517de9ab7a29216,level_3 243 3,3,2,1,False,1193,,True,False,authored,5,3,2,16210,4122,3459,6042,5389,1113,1253,1626,1113,0,0
ls20,2,c82329c4dc7c5d4f90fade4a37d7092d788da264,level_4 282 4,4,3,1,False,1642,,True,True,core,3,12,12,22463,5748,4862,8676,8843,1944,1877,3033,1944,0,0
ls20,2,c82329c4dc7c5d4f90fade4a37d7092d788da264,level_4 282 4,4,3,1,False,1642,,True,True,authored,5,15,12,25053,6110,5336,9358,8843,1988,1877,3316,1988,0,0
ls20,3,6d7a43a08846eb4ed95fdd46b003d55d78e26827,level_5 331 5,5,4,1,False,2036,level_4_planner_1.py,False,False,core,3,22,22,25629,6317,5566,9572,3166,569,704,896,569,0,0
ls20,3,6d7a43a08846eb4ed95fdd46b003d55d78e26827,level_5 331 5,5,4,1,False,2036,level_4_planner_1.py,False,False,authored,6,25,22,31893,7106,6768,11471,6840,996,1432,2113,996,0,0
ls20,4,9a230c1c68a5a7e81af5fea9edbfd5a6f6311627,level_6 400 6,6,5,1,False,2811,world_model_main_planner.py,False,False,core,3,19,19,36686,8574,8203,13056,11057,2257,2637,3484,2257,0,0
ls20,4,9a230c1c68a5a7e81af5fea9edbfd5a6f6311627,level_6 400 6,6,5,1,False,2811,world_model_main_planner.py,False,False,authored,7,24,19,46418,9510,10108,15502,14525,2404,3340,4031,2404,0,0
ls20,5,6472b03e1c3a748d249beb896817293aef571327,level_7 631 7,7,6,1,False,3784,level_6_planner_2.py;world_model_main_planner.py;world_model_state_io.py,False,False,core,3,28,28,49403,10797,11037,17001,12717,2223,2834,3945,2223,0,0
ls20,5,6472b03e1c3a748d249beb896817293aef571327,level_7 631 7,7,6,1,False,3784,level_6_planner_2.py;world_model_main_planner.py;world_model_state_io.py,False,False,authored,9,33,28,62047,11992,13651,20778,15629,2482,3543,5276,2482,0,0
ls20,6,WORKTREE,scorecard-confirmed final solve,,7,1,True,5050,level_7_reconstruct_full_frame.py;world_model_main_planner.py,False,False,core,3,54,54,58935,12392,12835,19593,9532,1595,1798,2592,1595,0,0
ls20,6,WORKTREE,scorecard-confirmed final solve,,7,1,True,5050,level_7_reconstruct_full_frame.py;world_model_main_planner.py,False,False,authored,12,77,54,83077,15761,18083,26658,21030,3769,4432,5880,3769,0,0
m0r0,0,ee0041940714c7bc57b186530a0f2a13366dbb95,level_2 18 1,2,1,1,False,268,,True,False,core,3,0,0,7314,2425,1495,3612,7314,2425,1495,3612,2425,0,0
m0r0,0,ee0041940714c7bc57b186530a0f2a13366dbb95,level_2 18 1,2,1,1,False,268,,True,False,authored,3,0,0,7314,2425,1495,3612,7314,2425,1495,3612,2425,0,0
m0r0,1,bbc08103c2bbe1baac9e1d4cd1c0dbc301131b93,level_3 53 2,3,2,1,False,393,,True,True,core,3,3,3,8423,2590,1751,3967,1109,165,256,355,165,0,0
m0r0,1,bbc08103c2bbe1baac9e1d4cd1c0dbc301131b93,level_3 53 2,3,2,1,False,393,,True,True,authored,3,3,3,8423,2590,1751,3967,1109,165,256,355,165,0,0
m0r0,2,5135b8df2de2e396a46a102ed833b618dd2e54d8,level_4 129 3,4,3,1,False,854,,True,True,core,3,2,2,25963,5596,5660,9343,17540,3006,3909,5376,3006,0,0
m0r0,2,5135b8df2de2e396a46a102ed833b618dd2e54d8,level_4 129 3,4,3,1,False,854,,True,True,authored,6,2,2,28270,5909,6228,9959,19847,3319,4477,5992,3319,0,0
m0r0,3,ed93154165a600fb319db7af1817bbe07daf622f,level_5 142 4,5,4,1,False,1217,,True,True,core,3,11,11,28280,5713,6199,10226,2317,117,539,883,117,0,0
m0r0,3,ed93154165a600fb319db7af1817bbe07daf622f,level_5 142 4,5,4,1,False,1217,,True,True,authored,6,12,11,30579,6027,6767,10797,2309,118,539,838,118,0,0
m0r0,4,1e0287ccc8cf141b78907cb03d6f9f7f7fea6ecc,level_6 186 5,6,5,1,False,1865,world_model_main_planner.py,False,False,core,3,4,4,28809,6337,5930,10202,529,624,-269,-24,624,0,24
m0r0,4,1e0287ccc8cf141b78907cb03d6f9f7f7fea6ecc,level_6 186 5,6,5,1,False,1865,world_model_main_planner.py,False,False,authored,10,6,4,33559,7310,7064,11790,2980,1283,297,993,1283,0,0
m0r0,5,WORKTREE,scorecard-confirmed final solve,,6,1,True,2696,,True,False,core,3,16,16,29466,6449,6085,10339,657,112,155,137,112,0,0
m0r0,5,WORKTREE,scorecard-confirmed final solve,,6,1,True,2696,,True,False,authored,14,28,16,38033,8038,8034,12935,4474,728,970,1145,728,0,0
r11l,0,18ed34462eb3f3afba1546ea9c09a21624fe8303,level_4 35 1,4,3,3,False,860,level_3_planner_1.py;world_model_main_planner.py,False,False,core,3,0,0,31353,6415,7521,10878,31353,6415,7521,10878,6415,0,0
r11l,0,18ed34462eb3f3afba1546ea9c09a21624fe8303,level_4 35 1,4,3,3,False,860,level_3_planner_1.py;world_model_main_planner.py,False,False,authored,4,0,0,32603,6623,7820,11396,32603,6623,7820,11396,6623,0,0
r11l,1,6c3b123aa54e3ba9a00af2199dd0694b3a55dead,level_5 49 2,5,4,1,False,1522,,True,False,core,3,21,21,21440,4859,4731,7592,-9913,-1556,-2790,-3286,0,1556,3286
r11l,1,6c3b123aa54e3ba9a00af2199dd0694b3a55dead,level_5 49 2,5,4,1,False,1522,,True,False,authored,7,23,21,26971,5784,6258,9455,-5632,-839,-1562,-1941,0,839,1941
r11l,2,0a4f7c1aaac7fc9afdadce672fa43dd567627c91,level_6 78 3,6,5,1,False,2493,level_5_planner_1.py;world_model_engine.py;world_model_level_data.py;world_model_main_planner.py;world_model_state_io.py,False,False,core,3,22,22,34471,7141,7514,11519,13031,2282,2783,3927,2282,0,0
r11l,2,0a4f7c1aaac7fc9afdadce672fa43dd567627c91,level_6 78 3,6,5,1,False,2493,level_5_planner_1.py;world_model_engine.py;world_model_level_data.py;world_model_main_planner.py;world_model_state_io.py,False,False,authored,8,34,22,41728,8187,9450,13738,14757,2403,3192,4283,2403,0,0
r11l,3,WORKTREE,scorecard-confirmed final solve,,6,1,True,7673,,True,False,core,3,14,14,38666,8006,8136,12656,4195,865,622,1137,865,0,0
r11l,3,WORKTREE,scorecard-confirmed final solve,,6,1,True,7673,,True,False,authored,14,27,14,83056,14047,18363,26632,41328,5860,8913,12894,5860,0,0
re86,0,491b05bec296b8ccc3314290e404b5ade627aa2e,level_2 21 1,2,1,1,False,195,world_model_engine.py;world_model_state_io.py,False,False,core,3,0,0,13032,3548,2931,5439,13032,3548,2931,5439,3548,0,0
re86,0,491b05bec296b8ccc3314290e404b5ade627aa2e,level_2 21 1,2,1,1,False,195,world_model_engine.py;world_model_state_io.py,False,False,authored,3,0,0,13032,3548,2931,5439,13032,3548,2931,5439,3548,0,0
re86,1,45bfa40677eb757331feac6be759ae850f93d89a,level_3 57 2,3,2,1,False,490,world_model_state_io.py,False,False,core,3,9,9,14906,3892,3303,6013,1874,344,372,574,344,0,0
re86,1,45bfa40677eb757331feac6be759ae850f93d89a,level_3 57 2,3,2,1,False,490,world_model_state_io.py,False,False,authored,3,9,9,14906,3892,3303,6013,1874,344,372,574,344,0,0
re86,2,bbbcf4c3d9d7ebd49fd3ba231edd217e13d0692b,level_4 111 3,4,3,1,False,1024,world_model_state_io.py,False,False,core,3,9,9,20379,5183,4484,7972,5473,1291,1181,1959,1291,0,0
re86,2,bbbcf4c3d9d7ebd49fd3ba231edd217e13d0692b,level_4 111 3,4,3,1,False,1024,world_model_state_io.py,False,False,authored,3,9,9,20379,5183,4484,7972,5473,1291,1181,1959,1291,0,0
re86,3,939e5fdec4870f81947e3857bce744c16f72e374,level_5 166 4,5,4,1,False,1667,world_model_main_planner.py,False,False,core,3,11,11,35803,7651,7871,12044,15424,2468,3387,4072,2468,0,0
re86,3,939e5fdec4870f81947e3857bce744c16f72e374,level_5 166 4,5,4,1,False,1667,world_model_main_planner.py,False,False,authored,5,11,11,39319,8075,8627,12911,18940,2892,4143,4939,2892,0,0
re86,4,1ac702b2f1106097dcd73dd1e5b8447640ef6fc6,level_6 229 5,6,5,1,False,2096,world_model_state_io.py,False,False,core,3,20,20,30749,6865,6756,10638,-5054,-786,-1115,-1406,0,786,1406
re86,4,1ac702b2f1106097dcd73dd1e5b8447640ef6fc6,level_6 229 5,6,5,1,False,2096,world_model_state_io.py,False,False,authored,5,23,20,34446,7305,7559,11518,-4873,-770,-1068,-1393,0,770,1393
re86,5,6b942957b0bdeb88b0a8bb6473eec5a2b0c0207d,level_7 291 6,7,6,1,False,2732,world_model_main_planner.py,False,False,core,3,25,25,44708,9065,9688,14568,13959,2200,2932,3930,2200,0,0
re86,5,6b942957b0bdeb88b0a8bb6473eec5a2b0c0207d,level_7 291 6,7,6,1,False,2732,world_model_main_planner.py,False,False,authored,7,30,25,53278,9991,11566,16922,18832,2686,4007,5404,2686,0,0
re86,6,208084e8da3022a8056b94790629dad532fddfe5,level_8 440 7,8,7,1,False,3627,level_7_planner_1.py;world_model_main_planner.py,False,False,core,3,49,49,45321,9240,9879,14880,613,175,191,312,175,0,0
re86,6,208084e8da3022a8056b94790629dad532fddfe5,level_8 440 7,8,7,1,False,3627,level_7_planner_1.py;world_model_main_planner.py,False,False,authored,8,59,49,55907,10520,12055,17491,2629,529,489,569,529,0,0
re86,7,WORKTREE,scorecard-confirmed final solve,,8,1,True,4491,level_8_planner_1.py;world_model_main_planner.py,False,False,core,3,43,43,48917,10048,10658,16162,3596,808,779,1282,808,0,0
re86,7,WORKTREE,scorecard-confirmed final solve,,8,1,True,4491,level_8_planner_1.py;world_model_main_planner.py,False,False,authored,9,57,43,67613,12686,14818,21750,11706,2166,2763,4259,2166,0,0
s5i5,0,5f5f1449180b4888876ec7503da7fe1f4d916222,level_2 64 2,2,1,1,False,332,,True,False,core,3,0,0,12506,3375,2808,5148,12506,3375,2808,5148,3375,0,0
s5i5,0,5f5f1449180b4888876ec7503da7fe1f4d916222,level_2 64 2,2,1,1,False,332,,True,False,authored,3,0,0,12506,3375,2808,5148,12506,3375,2808,5148,3375,0,0
s5i5,1,ca46d2083353092f91052290148da9b85fa70a96,level_3 109 3,3,2,1,False,611,world_model_main_planner.py;world_model_state_io.py,False,False,core,3,8,8,25598,5597,5998,8730,13092,2222,3190,3582,2222,0,0
s5i5,1,ca46d2083353092f91052290148da9b85fa70a96,level_3 109 3,3,2,1,False,611,world_model_main_planner.py;world_model_state_io.py,False,False,authored,6,8,8,26919,5839,6288,9067,14413,2464,3480,3919,2464,0,0
s5i5,2,107f45bd0226bfe484ed0e7e9921c7e3942215af,level_5 223 5,5,4,2,False,2037,world_model_engine.py;world_model_state_io.py,False,False,core,3,6,6,35247,7392,7577,11765,9649,1795,1579,3035,1795,0,0
s5i5,2,107f45bd0226bfe484ed0e7e9921c7e3942215af,level_5 223 5,5,4,2,False,2037,world_model_engine.py;world_model_state_io.py,False,False,authored,14,9,6,43759,8606,9364,13494,16840,2767,3076,4427,2767,0,0
s5i5,3,a194154c09d28cc52b0cebe2e114351ef7542cc8,level_6 251 6,6,5,1,False,2441,world_model_state_io.py,False,False,core,3,40,40,31133,6822,6857,10956,-4114,-570,-720,-809,0,570,809
s5i5,3,a194154c09d28cc52b0cebe2e114351ef7542cc8,level_6 251 6,6,5,1,False,2441,world_model_state_io.py,False,False,authored,14,55,40,39645,8038,8644,12637,-4114,-568,-720,-857,0,568,857
s5i5,4,8df8fdf727ec5128a52a2abaf5abcdc3e9603035,level_8 349 7,8,7,2,False,3531,world_model_main_planner.py,False,False,core,3,33,33,45052,8949,9501,13968,13919,2127,2644,3012,2127,0,0
s5i5,4,8df8fdf727ec5128a52a2abaf5abcdc3e9603035,level_8 349 7,8,7,2,False,3531,world_model_main_planner.py,False,False,authored,15,46,33,55341,10174,11686,16266,15696,2136,3042,3629,2136,0,0
s5i5,5,WORKTREE,scorecard-confirmed final solve,,8,1,True,4018,world_model_level_data.py,False,False,core,3,45,45,41516,8455,8743,13253,-3536,-494,-758,-715,0,494,715
s5i5,5,WORKTREE,scorecard-confirmed final solve,,8,1,True,4018,world_model_level_data.py,False,False,authored,17,62,45,57651,10784,12526,16635,2310,610,840,369,610,0,0
sb26,0,f17c65db1550815bcffd82a1f747dca8cdcab303,level_2 9 1,2,1,1,False,123,world_model_engine.py;world_model_main_planner.py;world_model_state_io.py,False,False,core,3,0,0,12331,3286,2590,4458,12331,3286,2590,4458,3286,0,0
sb26,0,f17c65db1550815bcffd82a1f747dca8cdcab303,level_2 9 1,2,1,1,False,123,world_model_engine.py;world_model_main_planner.py;world_model_state_io.py,False,False,authored,3,0,0,12331,3286,2590,4458,12331,3286,2590,4458,3286,0,0
sb26,1,46aa0dc06468c89a2487c3af1619ce29619dc51d,level_3 38 2,3,2,1,False,369,level_2_planner_1.py,False,False,core,3,3,3,14754,3797,3199,5248,2423,511,609,790,511,0,0
sb26,1,46aa0dc06468c89a2487c3af1619ce29619dc51d,level_3 38 2,3,2,1,False,369,level_2_planner_1.py,False,False,authored,5,3,3,22229,4907,4754,7011,9898,1621,2164,2553,1621,0,0
sb26,2,76e7535fb591680efb59e3008341e8a71411b257,level_4 53 3,4,3,1,False,600,world_model_main_planner.py,False,False,core,3,5,5,17710,4476,4076,6489,2956,679,877,1241,679,0,0
sb26,2,76e7535fb591680efb59e3008341e8a71411b257,level_4 53 3,4,3,1,False,600,world_model_main_planner.py,False,False,authored,5,6,5,25005,5459,5631,8113,2776,552,877,1102,552,0,0
sb26,3,f08997d8252d04c05300d8c745acc2218eda36b5,level_5 68 4,5,4,1,False,924,,True,False,core,3,13,13,16591,4125,3702,5969,-1119,-351,-374,-520,0,351,520
sb26,3,f08997d8252d04c05300d8c745acc2218eda36b5,level_5 68 4,5,4,1,False,924,,True,False,authored,5,25,13,23886,5129,5257,7525,-1119,-330,-374,-588,0,330,588
sb26,4,82809a8f36daaf4d58b6cdf78801b1f641461b0e,level_6 97 5,6,5,1,False,1275,world_model_state_io.py,False,False,core,3,16,16,21920,5259,4978,7556,5329,1134,1276,1587,1134,0,0
sb26,4,82809a8f36daaf4d58b6cdf78801b1f641461b0e,level_6 97 5,6,5,1,False,1275,world_model_state_io.py,False,False,authored,5,28,16,29215,6360,6533,9337,5329,1231,1276,1812,1231,0,0
sb26,5,3db20de415defa58b12d30656bfc9e5a8a194da9,level_7 116 6,7,6,1,False,1621,,True,False,core,3,23,23,25307,5606,5550,8321,3387,347,572,765,347,0,0
sb26,5,3db20de415defa58b12d30656bfc9e5a8a194da9,level_7 116 6,7,6,1,False,1621,,True,False,authored,5,35,23,32602,6725,7105,10101,3387,365,572,764,365,0,0
sb26,6,fff914e5dc871c17c5f756913e6f098e28571b88,level_8 133 7,8,7,1,False,1948,,True,True,core,3,18,18,24801,5620,5460,8246,-506,14,-90,-75,14,0,75
sb26,6,fff914e5dc871c17c5f756913e6f098e28571b88,level_8 133 7,8,7,1,False,1948,,True,True,authored,5,30,18,32096,6717,7015,10035,-506,-8,-90,-66,0,8,66
sb26,7,WORKTREE,scorecard-confirmed final solve,,8,1,True,2218,,True,True,core,3,24,24,25013,5617,5474,8251,212,-3,14,5,0,3,0
sb26,7,WORKTREE,scorecard-confirmed final solve,,8,1,True,2218,,True,True,authored,5,36,24,32308,6768,7029,10055,212,51,14,20,51,0,0
sc25,0,e8d5854660c9f9fd64855eae52af70d1bd831375,level_2 32 1,2,1,1,False,214,world_model_engine.py;world_model_main_planner.py;world_model_state_io.py,False,False,core,3,0,0,14352,4053,3174,5908,14352,4053,3174,5908,4053,0,0
sc25,0,e8d5854660c9f9fd64855eae52af70d1bd831375,level_2 32 1,2,1,1,False,214,world_model_engine.py;world_model_main_planner.py;world_model_state_io.py,False,False,authored,3,0,0,14352,4053,3174,5908,14352,4053,3174,5908,4053,0,0
sc25,1,fab9528f1bbaa0bafe8a138494466bc1b2c8cdd7,level_3 37 2,3,2,1,False,421,world_model_engine.py;world_model_state_io.py,False,False,core,3,11,11,21472,5336,4899,7978,7120,1283,1725,2070,1283,0,0
sc25,1,fab9528f1bbaa0bafe8a138494466bc1b2c8cdd7,level_3 37 2,3,2,1,False,421,world_model_engine.py;world_model_state_io.py,False,False,authored,3,11,11,21472,5336,4899,7978,7120,1283,1725,2070,1283,0,0
sc25,2,205bc77a732ebbbbaf1fdf14dc141f35732ee756,level_4 118 4,4,3,1,False,1876,world_model_engine.py;world_model_main_planner.py;world_model_state_io.py,False,False,core,3,9,9,28385,6538,6587,10657,6913,1202,1688,2679,1202,0,0
sc25,2,205bc77a732ebbbbaf1fdf14dc141f35732ee756,level_4 118 4,4,3,1,False,1876,world_model_engine.py;world_model_main_planner.py;world_model_state_io.py,False,False,authored,6,9,9,33902,7239,7758,12057,12430,1903,2859,4079,1903,0,0
sc25,3,99c18eaf438b4ce441b5a4cceae8498edc03a4f1,level_5 188 6,5,4,1,False,3227,world_model_engine.py;world_model_state_io.py,False,False,core,3,20,20,34318,7694,7884,12730,5933,1156,1297,2073,1156,0,0
sc25,3,99c18eaf438b4ce441b5a4cceae8498edc03a4f1,level_5 188 6,5,4,1,False,3227,world_model_engine.py;world_model_state_io.py,False,False,authored,6,25,20,39719,8416,9041,14117,5817,1177,1283,2060,1177,0,0
sc25,4,1dff3c8f698a8a54bf882afea05540df9ebe8538,level_6 320 8,6,5,1,False,5419,world_model_engine.py;world_model_main_planner.py;world_model_state_io.py,False,False,core,3,41,41,44640,9461,10296,15294,10322,1767,2412,2564,1767,0,0
sc25,4,1dff3c8f698a8a54bf882afea05540df9ebe8538,level_6 320 8,6,5,1,False,5419,world_model_engine.py;world_model_main_planner.py;world_model_state_io.py,False,False,authored,11,50,41,58491,11909,13135,19215,18772,3493,4094,5098,3493,0,0
sc25,5,WORKTREE,scorecard-confirmed final solve,,6,1,True,6804,world_model_engine.py;world_model_state_io.py,False,False,core,3,47,47,50575,11039,11855,17301,5935,1578,1559,2007,1578,0,0
sc25,5,WORKTREE,scorecard-confirmed final solve,,6,1,True,6804,world_model_engine.py;world_model_state_io.py,False,False,authored,12,67,47,67311,13779,15193,22168,8820,1870,2058,2953,1870,0,0
sk48,0,348b2e5d2c8ce0632d1de832addedb1f90d5b9d7,level_2 15 1,2,1,1,False,109,world_model_engine.py;world_model_main_planner.py;world_model_state_io.py,False,False,core,3,0,0,13387,3713,3019,5514,13387,3713,3019,5514,3713,0,0
sk48,0,348b2e5d2c8ce0632d1de832addedb1f90d5b9d7,level_2 15 1,2,1,1,False,109,world_model_engine.py;world_model_main_planner.py;world_model_state_io.py,False,False,authored,3,0,0,13387,3713,3019,5514,13387,3713,3019,5514,3713,0,0
sk48,1,6257074b341f485b20b6d2f8425f89926482b285,level_3 45 2,3,2,1,False,379,world_model_state_io.py,False,False,core,3,16,16,15056,3956,3334,5974,1669,243,315,460,243,0,0
sk48,1,6257074b341f485b20b6d2f8425f89926482b285,level_3 45 2,3,2,1,False,379,world_model_state_io.py,False,False,authored,3,16,16,15056,3956,3334,5974,1669,243,315,460,243,0,0
sk48,2,e7251d154456e57cb642f210d4efbfbbd7096fcd,level_4 125 3,4,3,1,False,1140,world_model_engine.py;world_model_state_io.py,False,False,core,3,9,9,21717,5193,4936,7884,6661,1237,1602,1910,1237,0,0
sk48,2,e7251d154456e57cb642f210d4efbfbbd7096fcd,level_4 125 3,4,3,1,False,1140,world_model_engine.py;world_model_state_io.py,False,False,authored,3,9,9,21717,5193,4936,7884,6661,1237,1602,1910,1237,0,0
sk48,3,48b430adba7f9ed906aa713befccd8e2a3baf395,level_5 197 4,5,4,1,False,1918,world_model_engine.py;world_model_main_planner.py;world_model_state_io.py,False,False,core,3,21,21,28673,6340,6410,9949,6956,1147,1474,2065,1147,0,0
sk48,3,48b430adba7f9ed906aa713befccd8e2a3baf395,level_5 197 4,5,4,1,False,1918,world_model_engine.py;world_model_main_planner.py;world_model_state_io.py,False,False,authored,6,21,21,34684,6976,7782,11619,12967,1783,2846,3735,1783,0,0
sk48,4,88eac02f485739e654ed8bd29434a27c006258d0,level_6 240 5,6,5,1,False,2459,,True,False,core,3,23,23,28214,6595,6368,10144,-459,255,-42,195,255,0,0
sk48,4,88eac02f485739e654ed8bd29434a27c006258d0,level_6 240 5,6,5,1,False,2459,,True,False,authored,6,33,23,34225,7235,7740,11836,-459,259,-42,217,259,0,0
sk48,5,722793fbfa1ea1ae41f4eaff066ff3196e3a85da,level_7 343 6,7,6,1,False,3757,world_model_engine.py;world_model_main_planner.py;world_model_state_io.py,False,False,core,3,12,12,49368,10333,10625,15870,21154,3738,4257,5726,3738,0,0
sk48,5,722793fbfa1ea1ae41f4eaff066ff3196e3a85da,level_7 343 6,7,6,1,False,3757,world_model_engine.py;world_model_main_planner.py;world_model_state_io.py,False,False,authored,8,22,12,60161,11563,13061,18352,25936,4328,5321,6516,4328,0,0
sk48,6,03dfb3dc114b8d05d611f6fce4c1dc71e27ddbaa,level_8 488 7,8,7,1,False,4950,level_7_planner_1.py;world_model_main_planner.py;world_model_state_io.py,False,False,core,3,36,36,55653,11437,11610,17344,6285,1104,985,1474,1104,0,0
sk48,6,03dfb3dc114b8d05d611f6fce4c1dc71e27ddbaa,level_8 488 7,8,7,1,False,4950,level_7_planner_1.py;world_model_main_planner.py;world_model_state_io.py,False,False,authored,9,51,36,69015,12913,14462,20490,8854,1350,1401,2138,1350,0,0
sk48,7,WORKTREE,scorecard-confirmed final solve,,8,1,True,8177,level_8_planner_1.py;world_model_engine.py;world_model_main_planner.py;world_model_state_io.py,False,False,core,3,48,48,63158,13045,13223,19933,7505,1608,1613,2589,1608,0,0
sk48,7,WORKTREE,scorecard-confirmed final solve,,8,1,True,8177,level_8_planner_1.py;world_model_engine.py;world_model_main_planner.py;world_model_state_io.py,False,False,authored,10,66,48,77024,15122,16166,23041,8009,2209,1704,2551,2209,0,0
sp80,0,6739a966edbed85bb5f88a1636bd64b87559137b,level_2 6 1,2,1,1,False,116,world_model_engine.py;world_model_state_io.py,False,False,core,3,0,0,8505,2667,1725,3983,8505,2667,1725,3983,2667,0,0
sp80,0,6739a966edbed85bb5f88a1636bd64b87559137b,level_2 6 1,2,1,1,False,116,world_model_engine.py;world_model_state_io.py,False,False,authored,3,0,0,8505,2667,1725,3983,8505,2667,1725,3983,2667,0,0
sp80,1,a7728c8f89481d412692bfddf91fd4dee614343f,level_3 16 2,3,2,1,False,310,world_model_engine.py;world_model_state_io.py,False,False,core,3,2,2,15783,4249,3360,6446,7278,1582,1635,2463,1582,0,0
sp80,1,a7728c8f89481d412692bfddf91fd4dee614343f,level_3 16 2,3,2,1,False,310,world_model_engine.py;world_model_state_io.py,False,False,authored,4,2,2,19062,4936,4054,7514,10557,2269,2329,3531,2269,0,0
sp80,2,dc4a9b5a528d87a83c1003b3fe8cfc70cca7b20b,level_4 28 3,4,3,1,False,759,world_model_engine.py,False,False,core,3,10,10,17747,4616,3674,6860,1964,367,314,414,367,0,0
sp80,2,dc4a9b5a528d87a83c1003b3fe8cfc70cca7b20b,level_4 28 3,4,3,1,False,759,world_model_engine.py,False,False,authored,4,13,10,21022,5318,4376,7949,1960,382,322,435,382,0,0
sp80,3,9c82c69dd107bf35146f61325687b901789e6427,level_5 102 4,5,4,1,False,1459,level_4_planner_1.py;world_model_engine.py;world_model_main_planner.py;world_model_state_io.py,False,False,core,3,11,11,31370,6828,6665,10605,13623,2212,2991,3745,2212,0,0
sp80,3,9c82c69dd107bf35146f61325687b901789e6427,level_5 102 4,5,4,1,False,1459,level_4_planner_1.py;world_model_engine.py;world_model_main_planner.py;world_model_state_io.py,False,False,authored,5,15,11,35629,7679,7563,11966,14607,2361,3187,4017,2361,0,0
sp80,4,abc6f3ccf7f07c8a2d45e7ce9b27d068ae5b11ac,level_6 1120 2,6,5,1,False,12180,world_model_engine.py,False,False,core,3,8,8,44707,9986,9176,14773,13337,3158,2511,4168,3158,0,0
sp80,4,abc6f3ccf7f07c8a2d45e7ce9b27d068ae5b11ac,level_6 1120 2,6,5,1,False,12180,world_model_engine.py,False,False,authored,19,12,8,81635,14283,17109,21535,46006,6604,9546,9569,6604,0,0
su15,0,29f8e612f4cdba4caaa1a6e2ebe2adf5deac4f54,level_2 10 1,2,1,1,False,147,world_model_state_io.py,False,False,core,3,0,0,8998,2785,2072,4259,8998,2785,2072,4259,2785,0,0
su15,0,29f8e612f4cdba4caaa1a6e2ebe2adf5deac4f54,level_2 10 1,2,1,1,False,147,world_model_state_io.py,False,False,authored,3,0,0,8998,2785,2072,4259,8998,2785,2072,4259,2785,0,0
su15,1,e0f7a78daef9710e79eaafa4a6e17212108991fe,level_3 128 4,3,2,1,False,1732,level_2_planner_9.py;world_model_engine.py;world_model_main_planner.py;world_model_state_io.py,False,False,core,3,4,4,32408,7133,7351,10955,23410,4348,5279,6696,4348,0,0
su15,1,e0f7a78daef9710e79eaafa4a6e17212108991fe,level_3 128 4,3,2,1,False,1732,level_2_planner_9.py;world_model_engine.py;world_model_main_planner.py;world_model_state_io.py,False,False,authored,12,4,4,45661,8820,10503,13927,36663,6035,8431,9668,6035,0,0
su15,2,9399721520676eb65f9b4b510ab7c423cdddb526,level_4 203 6,4,3,1,False,3442,world_model_main_planner.py,False,False,core,3,26,26,37078,8147,8061,12663,4670,1014,710,1708,1014,0,0
su15,2,9399721520676eb65f9b4b510ab7c423cdddb526,level_4 203 6,4,3,1,False,3442,world_model_main_planner.py,False,False,authored,14,38,26,53481,10470,11974,16536,7820,1650,1471,2609,1650,0,0
su15,3,ab0d142b865bec703fe421724c0ad3add04fe156,level_5 239 7,5,4,1,False,4999,world_model_main_planner.py,False,False,core,3,41,41,65767,12458,14522,19323,28689,4311,6461,6660,4311,0,0
su15,3,ab0d142b865bec703fe421724c0ad3add04fe156,level_5 239 7,5,4,1,False,4999,world_model_main_planner.py,False,False,authored,15,57,41,91701,15858,21093,24417,38220,5388,9119,7881,5388,0,0
su15,4,ba0a8906d47651b382f4ef6e598cdfe0230ff0c1,level_6 282 8,6,5,1,False,6843,world_model_main_planner.py,False,False,core,3,65,65,76156,14235,16618,21504,10389,1777,2096,2181,1777,0,0
su15,4,ba0a8906d47651b382f4ef6e598cdfe0230ff0c1,level_6 282 8,6,5,1,False,6843,world_model_main_planner.py,False,False,authored,16,83,65,102549,17822,23276,26793,10848,1964,2183,2376,1964,0,0
su15,5,3526bd0ee25c20e8be5af5e419d37c97856c09ec,level_7 355 11,7,6,1,False,9109,level_6_planner_3.py;world_model_engine.py;world_model_level_data.py;world_model_main_planner.py,False,False,core,3,51,51,94105,17416,20227,27028,17949,3181,3609,5524,3181,0,0
su15,5,3526bd0ee25c20e8be5af5e419d37c97856c09ec,level_7 355 11,7,6,1,False,9109,level_6_planner_3.py;world_model_engine.py;world_model_level_data.py;world_model_main_planner.py,False,False,authored,19,69,51,132483,22925,29440,34896,29934,5103,6164,8103,5103,0,0
su15,6,3e49cc18f96119e2894d8f0c41dea629cc9b240f,level_8 413 13,8,7,1,False,10592,level_7_planner_1.py;world_model_engine.py;world_model_level_data.py;world_model_main_planner.py,False,False,core,3,110,110,101122,18295,21561,28847,7017,879,1334,1819,879,0,0
su15,6,3e49cc18f96119e2894d8f0c41dea629cc9b240f,level_8 413 13,8,7,1,False,10592,level_7_planner_1.py;world_model_engine.py;world_model_level_data.py;world_model_main_planner.py,False,False,authored,20,145,110,142563,24487,31490,37546,10080,1562,2050,2650,1562,0,0
su15,7,3e66252a0f99bfc42c06003a1d27af386b418f65,level_9 495 15,9,8,1,False,12483,level_8_planner_2.py;world_model_engine.py;world_model_level_data.py;world_model_state_io.py,False,False,core,3,131,131,102808,18854,21885,29720,1686,559,324,873,559,0,0
su15,7,3e66252a0f99bfc42c06003a1d27af386b418f65,level_9 495 15,9,8,1,False,12483,level_8_planner_2.py;world_model_engine.py;world_model_level_data.py;world_model_state_io.py,False,False,authored,22,168,131,146381,25400,32317,39013,3818,913,827,1467,913,0,0
su15,8,WORKTREE,scorecard-confirmed final solve,,9,1,True,15904,level_9_planner_7.py;world_model_engine.py,False,False,core,3,101,101,109597,19897,23205,31408,6789,1043,1320,1688,1043,0,0
su15,8,WORKTREE,scorecard-confirmed final solve,,9,1,True,15904,level_9_planner_7.py;world_model_engine.py,False,False,authored,29,141,101,169577,29176,37376,44047,23196,3776,5059,5034,3776,0,0
tn36,0,72a9a8259e39bb7b7a4b6c65536471ca0a46b596,level_2 13 1,2,1,1,False,131,world_model_engine.py;world_model_main_planner.py;world_model_state_io.py,False,False,core,3,0,0,11335,3103,2418,4454,11335,3103,2418,4454,3103,0,0
tn36,0,72a9a8259e39bb7b7a4b6c65536471ca0a46b596,level_2 13 1,2,1,1,False,131,world_model_engine.py;world_model_main_planner.py;world_model_state_io.py,False,False,authored,3,0,0,11335,3103,2418,4454,11335,3103,2418,4454,3103,0,0
tn36,1,8d793550511fbc37ace7746faf466b7259ecdcf7,level_3 53 2,3,2,1,False,454,world_model_engine.py;world_model_main_planner.py;world_model_state_io.py,False,False,core,3,12,12,18893,4702,4205,6933,7558,1599,1787,2479,1599,0,0
tn36,1,8d793550511fbc37ace7746faf466b7259ecdcf7,level_3 53 2,3,2,1,False,454,world_model_engine.py;world_model_main_planner.py;world_model_state_io.py,False,False,authored,3,12,12,18893,4702,4205,6933,7558,1599,1787,2479,1599,0,0
tn36,2,db01d72b600735bf23d4f0f9d59e05c3ab9feee8,level_5 89 3,5,4,2,False,1143,,True,False,core,3,17,17,29538,6681,6833,10256,10645,1979,2628,3323,1979,0,0
tn36,2,db01d72b600735bf23d4f0f9d59e05c3ab9feee8,level_5 89 3,5,4,2,False,1143,,True,False,authored,4,17,17,30108,6867,6964,10538,11215,2165,2759,3605,2165,0,0
tn36,3,824174ef1fcfabd54f62532f1f2178267c95e766,level_7 143 4,7,6,2,False,1992,world_model_main_planner.py,False,False,core,3,31,31,46020,9151,10382,14810,16482,2470,3549,4554,2470,0,0
tn36,3,824174ef1fcfabd54f62532f1f2178267c95e766,level_7 143 4,7,6,2,False,1992,world_model_main_planner.py,False,False,authored,5,32,31,49669,9662,11143,16107,19561,2795,4179,5569,2795,0,0
tn36,4,WORKTREE,scorecard-confirmed final solve,,7,1,True,3687,,True,False,core,3,45,45,51671,10513,11541,16704,5651,1362,1159,1894,1362,0,0
tn36,4,WORKTREE,scorecard-confirmed final solve,,7,1,True,3687,,True,False,authored,6,49,45,56645,11241,12499,18346,6976,1579,1356,2239,1579,0,0
tr87,0,572686608162fd97eaa64a30d211dffd9b78008e,level_2 57 1,2,1,1,False,219,world_model_state_io.py,False,False,core,3,0,0,12503,3162,2662,4876,12503,3162,2662,4876,3162,0,0
tr87,0,572686608162fd97eaa64a30d211dffd9b78008e,level_2 57 1,2,1,1,False,219,world_model_state_io.py,False,False,authored,3,0,0,12503,3162,2662,4876,12503,3162,2662,4876,3162,0,0
tr87,1,d1a3926a3668a0505a37fb2bb42415a512ecf5e7,level_3 141 2,3,2,1,False,484,,True,False,core,3,17,17,18167,4510,3710,6571,5664,1348,1048,1695,1348,0,0
tr87,1,d1a3926a3668a0505a37fb2bb42415a512ecf5e7,level_3 141 2,3,2,1,False,484,,True,False,authored,3,17,17,18167,4510,3710,6571,5664,1348,1048,1695,1348,0,0
tr87,2,c44aec41981cd0b90ef4cdf7e0cb79ef2ee33154,level_4 167 3,4,3,1,False,957,,True,True,core,3,9,9,17601,4717,3725,7077,-566,207,15,506,207,0,0
tr87,2,c44aec41981cd0b90ef4cdf7e0cb79ef2ee33154,level_4 167 3,4,3,1,False,957,,True,True,authored,4,9,9,17963,4825,3794,7226,-204,315,84,655,315,0,0
tr87,3,54dcaabefaa526fcb7222c79af954fc6cdae5de8,level_6 218 4,6,5,2,False,1392,world_model_state_io.py,False,False,core,3,24,24,37461,8104,8005,12805,19860,3387,4280,5728,3387,0,0
tr87,3,54dcaabefaa526fcb7222c79af954fc6cdae5de8,level_6 218 4,6,5,2,False,1392,world_model_state_io.py,False,False,authored,4,25,24,37823,8233,8074,12992,19860,3408,4280,5766,3408,0,0
tr87,4,WORKTREE,scorecard-confirmed final solve,,6,1,True,1811,world_model_state_io.py,False,False,core,3,34,34,37697,8310,7628,12251,236,206,-377,-554,206,0,554
tr87,4,WORKTREE,scorecard-confirmed final solve,,6,1,True,1811,world_model_state_io.py,False,False,authored,5,35,34,41670,9075,8447,13586,3847,842,373,594,842,0,0
tu93,0,a5c10498e8a79bb6d64ea775c52ca56092fc0371,level_2 18 1,2,1,1,False,110,world_model_engine.py;world_model_state_io.py,False,False,core,3,0,0,7984,2648,1599,3975,7984,2648,1599,3975,2648,0,0
tu93,0,a5c10498e8a79bb6d64ea775c52ca56092fc0371,level_2 18 1,2,1,1,False,110,world_model_engine.py;world_model_state_io.py,False,False,authored,3,0,0,7984,2648,1599,3975,7984,2648,1599,3975,2648,0,0
tu93,1,88d48e1b85e7acb8bc41c07222b39b9d4e554e52,level_3 28 1,3,2,1,False,508,,True,False,core,3,4,4,8538,2745,1746,4126,554,97,147,151,97,0,0
tu93,1,88d48e1b85e7acb8bc41c07222b39b9d4e554e52,level_3 28 1,3,2,1,False,508,,True,False,authored,4,4,4,9908,2897,1994,4342,1924,249,395,367,249,0,0
tu93,2,e5312a3126022e43bdd9bdb9de27113f949ab22e,level_4 52 3,4,3,1,False,1089,,True,True,core,3,3,3,10885,3213,2191,4849,2347,468,445,723,468,0,0
tu93,2,e5312a3126022e43bdd9bdb9de27113f949ab22e,level_4 52 3,4,3,1,False,1089,,True,True,authored,4,3,3,11947,3364,2360,5044,2039,467,366,702,467,0,0
tu93,3,1a1c7e983d7f568ae0ba8ba779879cb814413b09,level_5 92 7,5,4,1,False,2188,world_model_state_io.py,False,False,core,3,11,11,14069,3762,2757,5582,3184,549,566,733,549,0,0
tu93,3,1a1c7e983d7f568ae0ba8ba779879cb814413b09,level_5 92 7,5,4,1,False,2188,world_model_state_io.py,False,False,authored,4,12,11,15131,3910,2926,5790,3184,546,566,746,546,0,0
tu93,4,8ff6ac0f3b53fabca53dada8a5b3fd96ddc5d0cd,level_6 157 10,6,5,1,False,3083,,True,False,core,3,11,11,14985,4044,2946,5936,916,282,189,354,282,0,0
tu93,4,8ff6ac0f3b53fabca53dada8a5b3fd96ddc5d0cd,level_6 157 10,6,5,1,False,3083,,True,False,authored,4,12,11,16047,4210,3115,6163,916,300,189,373,300,0,0
tu93,5,9811c29962f4f2de8ec4c4ab56d70454b352c98a,level_7 185 11,7,6,1,False,3359,world_model_engine.py;world_model_state_io.py,False,False,core,3,16,16,15479,4240,3071,6231,494,196,125,295,196,0,0
tu93,5,9811c29962f4f2de8ec4c4ab56d70454b352c98a,level_7 185 11,7,6,1,False,3359,world_model_engine.py;world_model_state_io.py,False,False,authored,4,17,16,16541,4408,3240,6456,494,198,125,293,198,0,0
tu93,6,45f8783a61967f688b94d7dd454ecc0cfde2da1f,level_8 208 12,8,7,1,False,3661,world_model_engine.py;world_model_state_io.py,False,False,core,3,15,15,20273,5013,3983,7433,4794,773,912,1202,773,0,0
tu93,6,45f8783a61967f688b94d7dd454ecc0cfde2da1f,level_8 208 12,8,7,1,False,3661,world_model_engine.py;world_model_state_io.py,False,False,authored,4,16,15,21335,5175,4152,7862,4794,767,912,1406,767,0,0
tu93,7,0a8667cd64e5aaa9ecc8b2fcc4f715fa0b8276b6,level_9 230 13,9,8,1,False,4065,,True,False,core,3,20,20,20669,5169,4117,7627,396,156,134,194,156,0,0
tu93,7,0a8667cd64e5aaa9ecc8b2fcc4f715fa0b8276b6,level_9 230 13,9,8,1,False,4065,,True,False,authored,4,21,20,21731,5367,4286,8070,396,192,134,208,192,0,0
tu93,8,WORKTREE,scorecard-confirmed final solve,,9,1,True,4300,world_model_state_io.py,False,False,core,3,14,14,21129,5269,4213,7782,460,100,96,155,100,0,0
tu93,8,WORKTREE,scorecard-confirmed final solve,,9,1,True,4300,world_model_state_io.py,False,False,authored,4,15,14,22191,5462,4382,8218,460,95,96,148,95,0,0
vc33,0,9a7594a5a477d7878609bb2f8f09189446b0c9f0,level_2 12 1,2,1,1,False,138,world_model_engine.py;world_model_main_planner.py;world_model_state_io.py,False,False,core,3,0,0,5507,1799,1127,2726,5507,1799,1127,2726,1799,0,0
vc33,0,9a7594a5a477d7878609bb2f8f09189446b0c9f0,level_2 12 1,2,1,1,False,138,world_model_engine.py;world_model_main_planner.py;world_model_state_io.py,False,False,authored,3,0,0,5507,1799,1127,2726,5507,1799,1127,2726,1799,0,0
vc33,1,cd80eb02503a98cd4faf6523b7dfc12db394d6b5,level_3 19 2,3,2,1,False,374,,True,False,core,3,1,1,17465,3984,3875,5916,11958,2185,2748,3190,2185,0,0
vc33,1,cd80eb02503a98cd4faf6523b7dfc12db394d6b5,level_3 19 2,3,2,1,False,374,,True,False,authored,4,1,1,19036,4413,4228,6464,13529,2614,3101,3738,2614,0,0
vc33,2,5fe35389311dc100ccbb9afccb67ee1cb369840f,level_4 42 3,4,3,1,False,660,world_model_engine.py;world_model_state_io.py,False,False,core,3,4,4,19187,4614,4127,6986,1722,630,252,1070,630,0,0
vc33,2,5fe35389311dc100ccbb9afccb67ee1cb369840f,level_4 42 3,4,3,1,False,660,world_model_engine.py;world_model_state_io.py,False,False,authored,4,4,4,19300,4639,4135,7015,264,226,-93,551,226,0,0
vc33,3,d6e759039980455968532c0663178526dfe6cac1,level_5 114 5,5,4,1,False,1891,,True,False,core,3,5,5,24965,5881,5374,8842,5778,1267,1247,1856,1267,0,0
vc33,3,d6e759039980455968532c0663178526dfe6cac1,level_5 114 5,5,4,1,False,1891,,True,False,authored,9,5,5,30900,6783,6638,10360,11600,2144,2503,3345,2144,0,0
vc33,4,07aae6d044eaab264f5c55b6106cb63c949f2539,level_6 611 9,6,5,1,False,4701,world_model_engine.py,False,False,core,3,16,16,27699,6467,5905,9832,2734,586,531,990,586,0,0
vc33,4,07aae6d044eaab264f5c55b6106cb63c949f2539,level_6 611 9,6,5,1,False,4701,world_model_engine.py,False,False,authored,10,19,16,36528,7641,7654,11855,5628,858,1016,1495,858,0,0
vc33,5,6c10c79f27c090966b43a9d31163010bad3417e1,level_7 682 11,7,6,1,False,5636,,True,False,core,3,22,22,33674,7329,7304,11228,5975,862,1399,1396,862,0,0
vc33,5,6c10c79f27c090966b43a9d31163010bad3417e1,level_7 682 11,7,6,1,False,5636,,True,False,authored,10,30,22,42503,8500,9053,13274,5975,859,1399,1419,859,0,0
vc33,6,WORKTREE,scorecard-confirmed final solve,,7,1,True,6014,,True,True,core,3,36,36,48125,9616,10432,14754,14451,2287,3128,3526,2287,0,0
vc33,6,WORKTREE,scorecard-confirmed final solve,,7,1,True,6014,,True,True,authored,10,44,36,56954,10907,12181,16822,14451,2407,3128,3548,2407,0,0
wa30,0,97956f02d98c23f0d95b0067a44fffe049016c98,level_2 32 1,2,1,1,False,430,world_model_engine.py;world_model_state_io.py,False,False,core,3,0,0,20092,4904,4628,7223,20092,4904,4628,7223,4904,0,0
wa30,0,97956f02d98c23f0d95b0067a44fffe049016c98,level_2 32 1,2,1,1,False,430,world_model_engine.py;world_model_state_io.py,False,False,authored,4,0,0,21835,5297,4947,7927,21835,5297,4947,7927,5297,0,0
wa30,1,4ef73d32ce52573ba0ad684098016ba200a13f12,level_3 166 3,3,2,1,False,1715,world_model_main_planner.py,False,False,core,3,17,17,31077,6848,7054,10566,10985,1944,2426,3343,1944,0,0
wa30,1,4ef73d32ce52573ba0ad684098016ba200a13f12,level_3 166 3,3,2,1,False,1715,world_model_main_planner.py,False,False,authored,6,19,17,44003,8533,9712,13834,22168,3236,4765,5907,3236,0,0
wa30,2,0fe8c7f9a567048c2ff9085984db01383ad8814e,level_4 343 5,4,3,1,False,2545,,True,False,core,3,20,20,40173,8092,8965,12399,9096,1244,1911,1833,1244,0,0
wa30,2,0fe8c7f9a567048c2ff9085984db01383ad8814e,level_4 343 5,4,3,1,False,2545,,True,False,authored,6,33,20,52842,9616,11555,15600,8839,1083,1843,1766,1083,0,0
wa30,3,3f0d149f338db5e40db32148680c39ba7ad035e6,level_5 392 6,5,4,1,False,2946,world_model_engine.py;world_model_state_io.py,False,False,core,3,38,38,36546,7654,8174,11816,-3627,-438,-791,-583,0,438,583
wa30,3,3f0d149f338db5e40db32148680c39ba7ad035e6,level_5 392 6,5,4,1,False,2946,world_model_engine.py;world_model_state_io.py,False,False,authored,6,59,38,49215,9250,10764,15023,-3627,-366,-791,-577,0,366,577
wa30,4,f2d16c881a494c99cab2babbfb845a9e33f43273,level_6 639 8,6,5,1,False,4431,,True,False,core,3,35,35,44567,8818,9651,13534,8021,1164,1477,1718,1164,0,0
wa30,4,f2d16c881a494c99cab2babbfb845a9e33f43273,level_6 639 8,6,5,1,False,4431,,True,False,authored,6,56,35,57236,10650,12241,16729,8021,1400,1477,1706,1400,0,0
wa30,5,f8f12346470d05cf1c76758bd8f3a1c0c9c01f8e,level_7 761 10,7,6,1,False,5207,,True,True,core,3,61,61,56178,10743,12474,16621,11611,1925,2823,3087,1925,0,0
wa30,5,f8f12346470d05cf1c76758bd8f3a1c0c9c01f8e,level_7 761 10,7,6,1,False,5207,,True,True,authored,7,82,61,69288,12607,15153,19957,12052,1957,2912,3228,1957,0,0
wa30,6,473e2f49c4e9b7c1175565847a1027493b212e8a,level_8 930 12,8,7,1,False,6360,,True,True,core,3,60,60,67729,12783,14712,19469,11551,2040,2238,2848,2040,0,0
wa30,6,473e2f49c4e9b7c1175565847a1027493b212e8a,level_8 930 12,8,7,1,False,6360,,True,True,authored,7,82,60,80839,14744,17391,22803,11551,2137,2238,2846,2137,0,0
